{"cameraMode":{"drawMode":0,"name":"Shaded","section":"Shading Mode"},"sceneLighting":true,"audioPlay":false,"sceneViewState":{"m_AlwaysRefresh":false,"showFog":true,"showSkybox":false,"showFlares":true,"showImageEffects":true,"showParticleSystems":true,"showVisualEffectGraphs":true,"m_FxEnabled":true},"in2DMode":false,"pivot":{"x":-0.24332427978515626,"y":1.4619998931884766,"z":3.7814998626708986},"rotation":{"x":0.041863515973091128,"y":-0.9463219046592712,"z":0.13663828372955323,"w":0.28993016481399538},"size":8.772486686706543,"orthographic":true}